﻿<?xml version="1.0" encoding="utf-8"?>
<users>
  <user id="YA8912" risk="2000" password="Ldr!@09" Q1="What is the brand name of the first watch you owned? (e.g. Titan, Times, etc)" A1="SONATA" Q2="On which website did you create your first email account? (e.g. Rediff, Sify, Office, etc)" A2="REDIFF" Q3="Which is the bank that gave you your first credit card?" A3="ICICI" Q4="Name the previous company you worked for? ( e.g. TCS, Infosys, etc)" A4="IBM" Q5="What is your spouse's blood group? (e.g. A Plus, B Minus etc)" A5="A+" name="Sharat">
    <apikey>dcxrywzvy9nuorqk</apikey>
    <apisecret>tjdrshjlndjy5f5iaik1adm922z9binr</apisecret>
    <requestToken>mBg5m12uFhmd8dhvIeQpYrafezTegYIR</requestToken>
  </user>
  <!--<user id="XR9497" risk="1500" password="Jmlc2hf22" Q1="In which month does your father's birthday come? (e.g. July, May., etc)" A1="April" Q2="In which month did you get married? (e.g. July, May, etc)" A2="July" Q3="What is your mother's name?" A3="Nayana" Q4="What is your vehicle registration number? (e.g. 478, 786, etc)" A4="2797" Q5="What is your birth place?" A5="Samparu" name="Suvashree">
    <apikey>253tendzrkq911h2</apikey>
    <apisecret>g0wzr0vk9cmpypexzhfzkslwn351x0n1</apisecret>
    <requestToken>BsAJYoTI70VVJOIX5MoRaa700wsEC4Fz</requestToken>
  </user>-->
</users>